t_s,fps,frame_ms_ema,fixed_ticks,meshed,dirty,visible_unready,rss_mb,cam_x,cam_y,cam_z,focus_x,focus_y,focus_z
1.58,20.57,48.61,31,1016,0,674,494.2,87.9,67.8,51.0,58.5,38.0,8.0
2.65,240.31,4.16,52,1016,0,674,494.2,70.6,49.9,24.9,58.5,38.0,8.0
3.65,240.69,4.15,72,1016,0,674,494.2,71.6,49.9,24.2,58.5,38.0,8.0
4.65,240.19,4.16,92,1016,0,674,494.2,72.8,49.9,23.1,58.5,38.0,8.0
5.65,242.66,4.12,113,1016,0,674,494.2,74.2,49.9,21.7,58.5,38.0,8.0
6.65,238.81,4.19,133,1016,0,674,509.2,75.4,49.9,20.2,58.5,38.0,8.0
7.67,240.66,4.16,153,1016,0,674,509.2,76.3,49.9,18.8,58.5,38.0,8.0
8.67,241.00,4.15,173,1016,0,674,509.2,76.9,49.9,17.8,58.5,38.0,8.0
9.67,240.79,4.15,193,1016,0,674,509.2,70.3,49.9,25.2,58.5,38.0,8.0
10.67,241.26,4.14,213,1016,0,674,509.2,70.3,76.4,25.2,58.5,64.5,8.0
11.68,253.26,3.95,233,1016,0,674,509.2,70.3,92.4,25.2,58.5,80.5,8.0
12.68,241.58,4.14,253,1016,0,674,509.2,70.3,91.9,25.2,58.5,80.0,8.0
13.68,241.29,4.14,273,1016,0,674,509.2,70.3,75.2,25.2,58.5,63.2,8.0
14.68,241.08,4.15,293,1016,0,674,509.2,70.3,50.3,25.2,58.5,38.4,8.0
15.68,242.01,4.13,313,1016,0,669,509.2,70.4,77.5,24.6,54.1,63.8,8.0
16.68,293.19,3.41,333,1016,0,641,509.2,71.2,96.0,19.9,44.0,77.7,8.7
17.69,241.26,4.14,353,1016,0,623,509.2,68.5,98.9,7.4,32.1,74.7,10.5
18.69,241.01,4.15,373,1016,0,588,509.2,60.0,85.5,-7.3,22.4,55.9,11.9
19.69,241.28,4.14,393,1016,0,674,509.2,79.2,59.5,38.3,58.5,38.5,8.0
20.69,240.33,4.16,413,1016,0,794,509.2,96.7,91.6,47.2,79.8,74.2,24.2
21.69,285.82,3.50,433,1016,0,965,509.2,158.2,144.0,99.6,127.8,111.0,64.2
22.70,240.01,4.17,453,1016,0,968,509.2,231.5,180.5,157.1,184.3,126.0,111.2
23.70,240.91,4.15,473,1016,0,736,509.2,291.8,201.0,201.2,230.8,126.0,149.8
24.70,241.25,4.15,493,1016,0,674,509.2,93.7,74.4,59.3,58.5,38.8,8.0
25.70,241.33,4.14,513,1016,0,707,509.2,90.2,83.0,24.1,66.0,64.2,8.0
26.70,307.55,3.25,534,1016,0,730,509.3,127.6,117.1,-4.7,82.7,78.2,8.0
27.70,241.70,4.14,554,1016,0,742,509.3,119.7,143.7,-51.1,102.2,75.2,8.0
28.71,240.84,4.15,574,1016,0,739,509.3,115.3,69.3,3.3,118.3,61.0,8.3
29.71,242.94,4.12,594,1016,0,674,509.3,66.2,46.9,19.3,58.5,39.1,8.0
30.71,238.50,4.19,614,1016,0,669,509.3,72.0,77.5,23.4,55.9,65.3,8.0
31.71,295.42,3.39,634,1016,0,660,509.3,74.8,93.8,15.8,50.0,81.2,8.0
32.72,240.38,4.16,654,1016,0,631,509.3,72.8,93.2,1.1,43.2,80.4,8.0
33.72,242.63,4.12,674,1016,0,621,509.3,64.5,76.0,-13.1,37.6,63.3,8.0
34.73,239.93,4.17,694,1016,0,674,509.3,72.7,53.9,28.7,58.5,39.5,8.0
35.73,241.71,4.14,714,1016,0,669,509.3,67.7,76.8,23.5,55.4,64.8,8.0
36.73,280.29,3.57,734,1016,0,657,509.3,61.5,90.3,19.9,48.6,78.5,8.0
37.73,242.70,4.12,754,1016,0,621,509.3,53.3,86.6,16.0,40.7,75.2,8.0
38.73,244.48,4.09,774,1016,0,613,509.3,46.1,67.0,13.3,34.4,56.1,8.0
39.74,241.59,4.14,794,1016,0,674,509.3,70.3,49.4,25.2,58.5,37.5,8.0
40.74,239.95,4.17,814,1016,0,689,509.3,61.4,34.9,9.2,60.7,34.1,8.0
41.74,283.64,3.53,834,1016,0,704,509.3,65.8,27.5,9.3,65.3,26.9,8.0
42.74,235.82,4.24,854,1016,1728,716,509.3,71.0,19.3,10.4,70.6,18.7,8.5
43.75,238.42,4.19,874,1016,0,720,509.3,75.1,12.5,11.6,74.9,11.9,9.2
44.75,240.89,4.15,894,1016,0,674,509.3,70.3,50.0,25.2,58.6,38.0,8.0
45.75,243.78,4.10,915,1016,0,767,509.3,82.0,65.0,47.2,67.1,44.2,21.5
46.75,263.97,3.79,935,1016,0,911,510.4,101.3,104.3,94.6,85.0,58.4,52.9
47.75,242.95,4.12,955,1016,0,1007,510.4,115.5,156.9,139.1,105.6,74.6,88.9
48.77,205.24,4.87,975,1016,1664,1032,510.4,124.4,202.7,164.0,122.1,87.5,117.6
49.77,257.20,3.89,995,1016,0,1032,510.4,128.0,221.6,170.5,128.0,93.5,127.9
50.78,240.75,4.15,1015,1016,0,1032,510.4,127.2,224.1,167.1,124.3,102.1,121.5
51.78,257.22,3.89,1035,1016,0,1028,532.2,126.4,212.2,156.5,115.9,105.1,106.8
52.78,240.88,4.15,1055,1016,0,1007,532.2,125.9,189.2,136.6,104.4,102.4,86.8
53.78,252.74,3.96,1075,1016,0,963,532.2,122.9,159.0,107.3,91.5,94.2,64.3
54.79,237.37,4.21,1095,1016,0,861,532.2,114.6,126.4,73.5,78.8,81.5,41.9
55.76,61.01,16.39,1115,1016,0,775,532.2,102.2,96.5,43.7,68.2,66.5,23.4
56.76,75.73,13.20,1135,1016,0,706,532.3,90.7,71.6,23.4,60.7,50.6,10.4
57.78,81.83,12.22,1155,1016,0,674,532.3,86.3,59.3,18.8,58.5,40.9,8.0
58.79,76.26,13.11,1175,1016,0,669,532.3,85.7,73.2,16.8,56.2,54.1,8.0
59.81,60.11,16.64,1196,1016,0,660,532.3,84.2,85.0,11.7,51.1,64.1,8.0
60.83,60.15,16.63,1216,1016,0,641,532.3,80.6,93.1,4.1,44.4,69.5,8.6
61.84,89.65,11.15,1236,1016,0,621,543.1,74.2,96.3,-5.2,37.0,69.6,9.7
62.86,60.12,16.63,1257,1016,0,619,543.1,64.6,94.1,-15.2,29.6,64.3,10.8
63.87,60.53,16.52,1277,1016,0,588,543.1,53.9,86.9,-23.3,23.5,54.3,11.8
64.89,60.22,16.60,1297,1016,0,584,543.1,45.8,75.7,-28.2,19.5,41.3,12.4
65.89,71.73,13.94,1317,1016,0,584,543.1,43.6,70.2,-29.4,19.2,35.2,12.9
66.91,70.14,14.26,1338,1016,0,664,545.8,39.9,93.2,-26.9,34.1,56.3,22.8
67.91,60.29,16.59,1358,1016,0,851,545.8,30.4,121.2,2.0,63.6,80.1,42.4
68.92,60.00,16.67,1378,1016,0,977,545.8,49.1,150.2,79.4,103.3,103.3,68.6
69.92,69.11,14.47,1398,1016,0,1017,545.8,136.3,175.7,154.3,146.9,121.9,97.4
70.94,59.95,16.68,1418,1016,0,968,545.8,236.6,186.6,160.2,188.1,126.0,124.7
71.97,240.49,4.16,1439,1016,0,788,547.1,281.4,192.6,128.5,222.9,126.0,147.7
72.98,240.04,4.17,1459,1016,0,685,547.1,283.1,196.4,112.9,244.3,126.0,161.9
73.98,239.65,4.17,1479,1016,0,655,547.1,279.9,197.2,110.5,248.0,126.0,164.2
74.98,239.35,4.18,1499,1016,0,713,547.1,266.1,193.4,101.4,239.8,126.0,153.4
75.99,240.68,4.15,1519,1016,0,792,547.1,239.9,185.7,85.3,223.4,126.0,132.8
76.99,240.34,4.16,1539,1016,0,890,547.6,208.6,175.1,66.6,202.0,126.0,106.0
77.99,241.06,4.15,1559,1016,0,947,547.6,178.2,154.5,47.8,178.8,117.4,76.8
79.00,240.41,4.16,1579,1016,0,869,547.6,152.8,120.9,30.3,156.6,95.8,48.8
80.00,240.77,4.15,1599,1016,0,784,547.6,134.6,86.0,15.6,138.3,71.1,25.8
81.00,240.20,4.16,1620,1016,0,758,547.6,124.4,63.1,6.2,126.8,55.0,11.5
82.00,241.41,4.14,1640,1016,0,740,547.7,124.1,38.6,7.7,124.5,37.4,8.5
83.00,238.66,4.19,1660,1016,0,740,547.7,121.9,52.7,4.0,124.5,46.2,8.5
84.01,241.62,4.14,1680,1016,0,740,547.7,123.1,55.2,6.6,124.5,52.7,8.5
85.01,240.68,4.15,1700,1016,0,740,547.7,123.7,56.9,7.7,124.5,55.9,8.5
86.01,240.89,4.15,1720,1016,0,740,547.7,123.3,56.3,7.6,124.5,55.3,8.5
87.01,239.68,4.17,1740,1016,0,740,548.3,121.4,52.8,6.8,124.5,51.0,8.5
88.02,240.47,4.16,1760,1016,0,740,548.3,119.9,45.5,6.6,124.5,43.6,8.5
89.02,240.05,4.17,1780,1016,0,740,548.3,123.1,34.7,8.0,124.5,34.3,8.5
90.02,240.43,4.16,1800,1016,0,740,548.3,121.9,61.7,7.8,124.0,61.0,8.5
91.02,240.43,4.16,1820,1016,0,739,548.3,115.7,66.6,7.7,117.6,66.0,8.0
92.02,240.17,4.16,1840,1016,0,742,548.9,90.9,75.0,8.4,105.7,70.0,8.0
93.03,239.13,4.18,1860,1016,0,734,548.9,73.6,68.0,13.2,90.4,61.7,8.0
94.03,241.99,4.13,1880,1016,0,716,548.9,56.8,72.5,19.6,73.7,64.5,8.0
95.03,240.16,4.16,1900,1016,0,669,548.9,43.1,72.3,26.1,57.9,62.7,8.0
96.04,241.61,4.14,1920,1016,0,645,548.9,33.7,67.5,31.1,44.9,56.5,8.0
97.04,240.42,4.16,1940,1016,0,617,549.1,28.7,58.9,33.8,37.0,46.9,8.0
98.04,242.41,4.13,1960,1016,0,613,549.1,28.1,56.8,34.3,35.5,44.5,8.0
99.05,241.58,4.14,1980,1016,0,613,549.1,30.2,67.6,34.4,35.2,55.0,8.0
100.05,243.67,4.10,2000,1016,0,613,549.1,34.1,75.8,33.8,34.7,62.7,8.0
101.05,240.56,4.16,2020,1016,0,613,549.1,38.6,80.2,32.2,34.1,66.4,8.0
102.05,242.94,4.12,2040,1016,0,609,549.2,42.6,79.9,29.3,33.5,65.6,8.0
103.05,240.38,4.16,2061,1016,0,609,549.2,45.5,75.0,25.8,32.9,60.3,8.0
104.05,241.94,4.13,2081,1016,0,605,549.2,47.1,66.3,22.5,32.4,51.3,8.0
105.05,240.83,4.15,2101,1016,0,601,549.2,47.7,55.2,20.5,32.1,40.1,8.0
106.05,241.17,4.15,2121,1016,0,601,549.2,46.2,53.1,18.8,31.9,39.4,8.0
107.05,241.84,4.14,2141,1016,0,629,549.2,49.7,72.9,24.3,31.0,55.4,12.3
108.06,243.04,4.11,2161,1016,0,688,549.2,53.3,91.2,40.5,29.4,69.3,29.3
109.06,238.96,4.18,2181,1016,0,753,549.2,57.6,106.8,59.3,27.3,78.9,51.1
110.06,244.12,4.10,2201,1016,0,809,549.2,61.3,117.8,77.5,25.1,82.9,74.7
111.07,240.04,4.17,2221,1016,0,837,549.2,63.4,122.5,93.0,22.9,80.6,97.0
112.07,246.63,4.05,2241,1016,0,842,549.3,63.8,120.4,104.5,21.2,72.5,115.1
113.07,241.39,4.14,2261,1016,0,837,549.3,63.5,111.6,111.2,20.2,59.8,126.1
114.07,248.10,4.03,2281,1016,0,835,549.3,63.3,110.4,111.3,20.0,57.6,127.4
115.08,239.71,4.17,2301,1016,0,835,549.3,61.7,127.4,101.3,20.0,72.9,121.3
116.08,247.26,4.04,2321,1016,0,833,549.3,58.1,143.0,83.7,20.0,85.2,110.4
117.08,239.43,4.18,2341,1016,0,828,549.4,51.8,154.9,62.6,20.0,92.7,96.5
118.08,249.66,4.01,2361,1016,0,818,549.4,43.3,161.4,41.6,20.0,94.5,81.6
119.09,240.78,4.15,2381,1016,0,788,549.4,34.2,161.6,23.9,20.0,90.1,67.4
120.09,247.10,4.05,2401,1016,0,739,549.4,26.5,155.6,11.2,20.0,80.3,55.9
121.09,240.69,4.15,2421,1016,0,719,549.4,21.9,144.3,4.3,20.0,66.6,49.1
122.10,252.56,3.96,2441,1016,0,719,549.4,21.3,145.4,3.9,21.0,66.9,48.7
123.10,240.45,4.16,2461,1016,0,772,549.4,22.6,168.9,9.5,29.3,86.5,54.9
124.10,246.62,4.05,2481,1016,0,873,549.4,24.6,193.1,22.5,44.2,103.3,65.9
125.10,241.42,4.14,2502,1016,0,958,549.4,28.5,213.9,44.3,62.9,114.4,79.8
126.09,87.29,11.46,2521,1016,0,996,549.4,36.6,228.5,73.5,83.0,118.3,94.7
127.08,64.10,15.60,2541,1016,0,1019,549.8,50.3,235.1,104.8,102.0,114.6,108.8
128.10,60.01,16.66,2562,1016,0,1032,549.8,66.4,232.6,131.3,117.6,103.5,120.3
129.10,59.93,16.69,2582,1016,0,1032,549.8,77.9,221.4,146.4,126.6,87.2,127.0
130.12,63.60,15.72,2602,1016,0,1032,549.8,78.7,216.1,148.2,127.3,82.2,126.7
131.12,60.11,16.64,2622,1016,0,1032,549.8,72.7,212.9,144.6,121.7,90.1,117.0
132.13,62.54,15.99,2642,1016,0,1023,549.8,66.0,196.0,137.1,111.9,93.1,99.9
133.15,60.41,16.55,2663,1016,0,991,549.8,63.2,169.5,123.6,99.5,90.9,78.3
134.17,63.07,15.86,2683,1016,0,918,549.8,63.9,138.1,102.0,86.4,83.6,55.2
135.17,60.10,16.64,2703,1016,0,835,549.8,64.4,107.3,74.6,74.3,72.4,34.1
136.17,60.21,16.61,2723,1016,0,745,549.8,62.4,80.2,48.1,64.7,58.7,17.3
137.18,61.90,16.15,2743,1016,0,679,549.7,59.7,59.3,31.5,59.1,44.6,8.0
138.18,61.80,16.18,2763,1016,0,669,549.7,59.1,60.2,30.5,58.0,46.4,8.0
139.20,59.96,16.68,2784,1016,0,669,549.7,58.6,73.2,31.4,54.5,58.4,8.0
140.20,60.58,16.51,2804,1016,0,657,549.7,58.2,83.1,32.0,48.8,66.6,8.0
141.22,60.10,16.64,2824,1016,0,621,549.7,58.2,88.7,32.1,41.6,70.2,9.0
142.22,62.61,15.97,2844,1016,0,618,549.8,58.2,89.1,29.8,34.2,68.2,10.1
143.23,59.94,16.68,2864,1016,0,612,549.8,57.5,84.2,25.5,27.2,61.1,11.2
144.25,60.45,16.54,2885,1016,0,588,549.8,56.0,74.8,20.7,21.7,49.8,12.0
145.25,59.93,16.69,2905,1016,0,584,549.8,54.9,62.4,17.8,18.8,36.3,12.5
146.25,61.51,16.26,2925,1016,0,605,549.8,59.2,68.6,16.2,22.4,42.1,15.1
147.27,61.57,16.24,2945,1016,0,736,549.8,76.0,93.5,9.4,43.3,64.8,28.9
148.28,60.00,16.67,2965,1016,0,905,549.8,81.5,121.4,11.7,77.5,89.1,51.6
149.30,60.22,16.60,2986,1016,0,1006,549.8,82.9,147.9,57.8,119.3,110.9,79.2
150.30,61.32,16.31,3006,1016,0,1017,549.8,128.0,168.2,135.0,162.9,126.0,108.0
151.30,60.03,16.66,3026,1016,0,902,549.8,207.9,173.2,178.7,201.5,126.0,133.6
152.32,60.86,16.43,3046,1016,0,736,549.8,270.9,177.2,179.9,232.3,126.0,153.9
153.32,60.11,16.64,3066,1016,0,655,549.8,294.2,179.3,172.1,247.9,126.0,164.3
154.34,60.33,16.57,3086,1016,0,666,549.8,292.1,178.7,167.0,246.3,126.0,161.6
155.35,60.09,16.64,3107,1016,0,726,549.8,276.0,174.6,147.3,234.3,126.0,146.5
156.37,60.19,16.62,3127,1016,0,823,549.8,249.8,167.8,118.1,215.4,126.0,122.7
157.38,60.70,16.47,3147,1016,0,928,549.8,217.9,159.1,85.9,192.6,126.0,94.1
158.40,60.66,16.49,3168,1016,0,928,549.8,185.2,132.7,55.7,169.1,108.9,64.6
159.40,60.01,16.66,3188,1016,0,829,549.8,157.1,100.9,31.2,148.2,85.6,38.3
160.40,60.08,16.65,3208,1016,0,777,549.8,136.8,69.3,14.1,132.5,60.7,18.5
161.42,60.18,16.62,3228,1016,0,740,549.8,127.1,43.1,6.1,124.8,38.0,8.8
162.42,61.10,16.37,3248,1016,0,740,549.9,126.8,46.3,5.7,124.5,41.4,8.5
163.43,60.03,16.66,3268,1016,0,740,549.9,126.8,54.3,5.1,124.5,49.4,8.5
164.45,60.77,16.46,3289,1016,0,740,549.9,125.8,57.4,5.9,124.5,54.7,8.5
165.47,60.06,16.65,3309,1016,0,740,549.9,125.2,57.7,6.6,124.5,56.1,8.5
166.48,60.33,16.57,3329,1016,0,740,549.9,125.4,56.5,3.8,124.5,53.7,8.5
167.50,60.61,16.50,3350,1016,0,740,549.9,124.9,51.0,0.8,124.5,47.6,8.5
168.50,60.13,16.63,3370,1016,0,740,549.9,124.1,42.0,0.2,124.5,39.1,8.5
169.50,60.27,16.59,3390,1016,0,740,549.9,124.4,29.8,7.1,124.5,29.3,8.5
170.52,60.35,16.57,3410,1016,0,739,549.9,121.1,61.9,5.3,121.5,61.0,8.3
171.53,60.08,16.65,3430,1016,0,736,549.9,109.6,71.3,1.3,111.9,69.0,8.0
172.53,60.48,16.54,3450,1016,0,742,549.9,91.4,67.2,-2.2,97.9,63.0,8.0
173.55,60.08,16.64,3471,1016,0,727,549.9,70.4,69.2,-1.3,81.4,63.8,8.0
174.58,240.66,4.16,3491,1016,0,704,549.9,49.5,70.7,1.5,64.7,64.1,8.0
175.58,239.81,4.17,3511,1016,0,660,549.9,31.9,67.6,5.3,50.3,59.8,8.0
176.58,240.50,4.16,3531,1016,0,621,549.9,19.9,60.4,8.9,39.8,51.6,8.0
177.59,240.97,4.15,3551,1016,0,613,550.2,15.1,49.9,10.5,35.5,40.7,8.0
178.59,240.60,4.16,3571,1016,0,613,550.2,15.3,59.9,11.4,35.4,50.6,8.0
179.59,239.97,4.17,3591,1016,0,613,550.2,16.1,69.3,13.8,35.0,59.6,8.0
180.59,239.70,4.17,3611,1016,0,613,550.2,17.8,75.4,16.9,34.4,65.3,8.0
181.59,242.67,4.12,3631,1016,0,613,550.2,20.2,77.1,19.6,33.8,66.6,8.0
182.59,239.20,4.18,3651,1016,0,609,550.3,23.1,74.2,21.5,33.1,63.3,8.0
183.59,238.83,4.19,3671,1016,0,609,550.3,25.7,67.0,22.3,32.6,55.9,8.0
184.59,232.95,4.29,3691,1016,0,605,550.3,27.6,56.8,22.5,32.2,45.5,8.0
185.60,240.19,4.16,3711,1016,0,601,550.3,31.5,35.3,10.1,32.0,33.7,8.0
186.60,240.22,4.16,3732,1016,0,601,550.3,28.2,60.5,23.4,31.5,48.3,8.0
187.61,240.08,4.17,3752,1016,0,651,550.3,28.4,78.2,39.0,30.2,63.5,20.9
188.61,241.36,4.14,3772,1016,0,710,550.3,29.6,94.0,62.7,28.3,75.3,40.9
189.58,84.80,11.79,3791,1016,0,794,550.3,32.2,105.5,88.6,26.1,81.8,63.8
190.58,60.44,16.55,3811,1016,0,827,550.3,35.9,111.4,113.8,23.9,82.4,87.3
191.58,60.08,16.64,3831,1016,0,833,550.3,39.6,110.9,134.0,22.0,76.9,107.4
192.60,60.31,16.58,3852,1016,0,837,550.4,42.5,103.8,148.0,20.6,66.0,122.2
193.60,60.24,16.60,3871,1016,0,835,550.4,43.6,91.0,153.3,20.0,51.6,128.0
194.62,60.32,16.58,3892,1016,0,837,550.4,44.9,106.5,148.8,20.0,66.3,124.7
195.62,59.90,16.69,3912,1016,0,842,550.4,48.0,122.3,136.4,20.0,80.1,115.7
196.63,84.92,11.78,3932,1016,0,833,550.4,51.5,135.3,117.7,20.0,90.1,102.8
197.65,60.21,16.61,3952,1016,0,819,550.4,54.0,143.2,95.4,20.0,94.5,87.8
198.66,60.07,16.65,3973,1016,0,798,550.4,54.5,144.9,72.7,20.0,92.6,72.9
199.68,60.18,16.62,3993,1016,0,761,550.4,53.4,140.2,53.3,20.0,84.7,60.0
200.70,59.98,16.67,4013,1016,0,729,550.4,51.8,129.9,40.0,20.0,72.2,51.1
201.72,56.45,17.72,4034,1016,0,716,550.4,51.2,117.9,35.6,20.0,59.4,48.0
202.71,60.33,16.58,4054,1016,0,741,550.5,55.6,139.8,36.3,25.3,79.5,52.0
203.71,60.02,16.66,4074,1016,0,833,550.5,64.7,162.7,38.3,38.1,97.6,61.4
204.73,60.05,16.65,4094,1016,0,919,550.5,74.3,183.2,42.9,56.0,111.2,74.6
205.73,90.71,11.02,4114,1016,0,988,550.5,81.8,197.6,52.0,75.9,117.8,89.4
206.75,60.28,16.59,4134,1016,0,1019,550.5,87.7,204.5,66.4,95.9,116.7,104.2
207.76,60.21,16.61,4155,1016,0,1032,550.4,93.2,202.8,83.1,113.0,107.9,116.9
208.78,60.07,16.65,4175,1016,0,1032,550.4,97.9,192.7,96.5,124.6,92.9,125.4
209.78,80.05,12.49,4195,1016,0,1032,550.4,99.4,180.0,100.7,127.9,78.7,127.9
210.78,60.36,16.57,4215,1016,0,1032,550.4,92.2,184.4,94.6,124.1,87.9,121.3
211.80,59.82,16.72,4235,1016,0,1028,550.4,76.7,177.6,82.5,115.4,92.7,105.9
212.81,60.21,16.61,4256,1016,0,1007,550.5,59.4,161.6,69.8,103.8,92.2,85.7
213.83,75.95,13.17,4276,1016,0,958,550.5,44.9,139.3,57.4,90.7,86.5,62.8
214.83,59.96,16.68,4296,1016,0,855,550.5,36.3,114.5,45.0,78.2,76.5,40.9
215.83,60.15,16.63,4316,1016,0,767,550.5,32.6,90.3,32.4,67.5,63.5,22.3
216.85,60.04,16.65,4336,1016,0,689,550.5,31.4,69.0,22.1,60.3,48.9,9.7
217.86,72.28,13.84,4357,1016,0,674,550.5,31.4,60.4,20.8,58.4,42.1,8.0
218.88,60.06,16.65,4377,1016,0,669,550.5,29.1,74.1,23.6,55.9,54.9,8.0
219.88,60.06,16.65,4397,1016,0,660,550.5,25.4,85.6,29.7,50.8,64.5,8.0
220.90,60.07,16.65,4417,1016,0,641,550.5,22.5,93.5,38.5,44.0,69.6,8.7
221.90,93.89,10.65,4437,1016,0,621,550.5,22.2,96.3,47.4,36.6,69.4,9.8
222.91,60.03,16.66,4458,1016,0,619,550.5,24.5,93.8,54.3,29.2,63.8,10.9
223.93,60.10,16.64,4478,1016,0,588,550.5,28.0,86.3,58.1,23.2,53.7,11.8
224.95,60.06,16.65,4498,1016,0,584,550.5,30.7,75.0,59.4,19.3,40.5,12.4
225.95,67.77,14.76,4518,1016,0,588,550.5,32.2,67.4,54.8,19.5,36.3,13.2
226.96,76.78,13.03,4539,1016,0,672,550.5,68.8,94.7,61.1,35.4,57.7,23.7
227.96,60.10,16.64,4559,1016,0,856,550.5,118.2,122.8,44.6,65.7,81.5,43.7
228.96,60.01,16.66,4579,1016,0,985,550.5,132.3,151.3,21.6,104.9,104.1,69.7
229.98,66.92,14.94,4599,1016,0,1017,550.5,112.5,176.6,53.1,148.6,122.5,98.5
231.00,59.94,16.68,4619,1016,0,954,550.5,131.7,187.0,140.3,190.3,126.0,126.1
232.00,78.78,12.69,4639,1016,0,788,550.5,199.0,192.8,204.8,223.9,126.0,148.4
233.01,60.06,16.65,4660,1016,0,679,550.5,254.9,196.6,224.1,245.0,126.0,162.4
234.03,63.63,15.72,4680,1016,0,659,550.5,264.9,197.1,223.9,248.0,126.0,163.9
235.03,60.09,16.64,4700,1016,0,717,550.5,258.7,193.0,206.9,239.0,126.0,152.4
236.03,59.94,16.68,4720,1016,0,802,550.5,245.3,185.0,175.4,222.2,126.0,131.4
237.03,74.23,13.47,4740,1016,0,890,550.5,224.7,174.4,135.6,200.8,126.0,104.4
238.05,61.89,16.16,4760,1016,0,947,550.5,198.3,152.2,93.5,177.2,116.1,74.8
239.05,59.93,16.69,4780,1016,0,868,550.5,170.8,118.5,56.6,155.2,94.2,47.1
240.06,60.17,16.62,4801,1016,0,784,550.5,146.5,83.1,28.3,137.0,69.0,24.3
241.06,59.98,16.67,4821,1016,0,753,550.5,131.6,63.8,12.5,126.3,56.0,10.8
242.06,74.48,13.43,4841,1016,0,740,550.6,128.5,43.8,9.7,124.5,38.1,8.5
243.08,60.04,16.65,4861,1016,0,740,550.6,127.7,51.0,9.3,124.5,46.9,8.5
244.10,59.89,16.70,4881,1016,0,740,550.6,130.6,59.6,9.3,124.5,53.2,8.5
245.11,60.29,16.59,4902,1016,0,740,550.6,131.9,62.1,8.4,124.5,56.1,8.5
246.13,62.74,15.94,4922,1016,0,740,550.6,127.8,57.1,7.9,124.5,55.0,8.5
247.13,69.04,14.49,4942,1016,0,740,550.6,133.8,54.9,5.5,124.5,50.2,8.5
248.15,60.07,16.65,4962,1016,0,740,550.6,128.4,43.9,6.8,124.5,42.4,8.5
249.15,60.03,16.66,4982,1016,0,740,550.6,125.8,33.3,7.8,124.5,32.8,8.5
250.16,62.20,16.08,5003,1016,0,739,550.6,132.8,64.4,3.1,123.4,61.0,8.4
251.18,60.08,16.65,5023,1016,0,739,550.6,126.0,72.1,0.2,115.8,68.0,8.0
252.18,66.80,14.97,5043,1016,0,742,550.6,112.9,75.2,-3.7,103.2,70.0,8.0
253.18,60.08,16.65,5063,1016,0,734,550.6,94.8,69.1,-8.6,87.6,62.5,8.0
254.20,61.83,16.17,5083,1016,0,716,550.6,73.0,72.8,-13.0,70.7,64.5,8.0
255.21,60.11,16.63,5104,1016,0,669,550.6,50.9,71.7,-15.5,55.0,61.8,8.0
256.23,60.04,16.66,5124,1016,0,631,550.6,32.8,66.1,-16.0,42.8,54.8,8.0
257.23,66.34,15.07,5144,1016,0,617,550.6,22.8,56.8,-15.7,36.2,44.7,8.0
258.23,61.61,16.23,5164,1016,0,613,550.6,21.3,59.1,-15.3,35.4,46.8,8.0
259.25,60.06,16.65,5184,1016,0,613,550.6,19.0,69.7,-13.2,35.1,57.0,8.0
260.26,59.93,16.69,5205,1016,0,613,550.6,15.8,77.2,-9.3,34.6,64.0,8.0
261.28,60.08,16.64,5225,1016,0,613,550.6,13.0,80.5,-4.1,34.0,66.7,8.0
262.28,64.70,15.46,5245,1016,0,609,550.6,11.6,79.1,1.2,33.3,64.7,8.0
263.28,60.12,16.63,5265,1016,0,609,550.6,11.3,73.2,5.9,32.7,58.4,8.0
264.30,60.04,16.66,5285,1016,0,605,550.6,11.8,63.6,9.3,32.3,48.6,8.0
265.30,59.92,16.69,5305,1016,0,601,550.6,12.3,52.2,11.0,32.0,37.0,8.0
266.31,60.81,16.44,5326,1016,0,601,550.6,11.6,59.5,11.6,31.8,43.9,8.0
267.31,63.71,15.70,5346,1016,0,638,550.6,8.2,78.1,22.5,30.6,59.5,16.3
268.33,60.11,16.64,5366,1016,0,698,550.6,3.5,96.1,46.5,28.8,72.6,35.2
269.35,60.02,16.66,5386,1016,0,766,550.6,-0.5,110.8,76.8,26.7,80.8,58.2
270.36,60.61,16.50,5407,1016,0,822,550.6,-2.2,120.0,108.9,24.4,82.8,82.0
271.38,59.99,16.67,5427,1016,0,840,550.6,-1.7,122.6,137.9,22.3,78.5,103.6
272.38,62.83,15.92,5447,1016,0,838,550.7,0.1,118.3,159.3,20.8,68.7,119.7
273.40,59.94,16.68,5467,1016,0,835,550.7,1.3,107.1,169.8,20.0,54.7,127.7
274.41,60.29,16.59,5488,1016,0,837,550.7,2.7,116.4,168.7,20.0,63.2,125.9
275.43,59.97,16.68,5508,1016,0,837,550.7,8.0,133.4,162.5,20.0,77.8,117.7
276.43,59.99,16.67,5528,1016,0,831,550.7,16.3,147.9,151.9,20.0,88.6,105.5
277.45,62.35,16.04,5548,1016,0,821,550.6,26.5,158.1,136.8,20.0,94.1,90.8
278.46,60.43,16.55,5569,1016,0,801,550.6,36.6,162.3,118.8,20.0,93.5,75.8
279.48,59.96,16.68,5589,1016,0,771,550.6,44.6,159.9,100.7,20.0,86.7,62.3
280.48,60.21,16.61,5609,1016,0,729,550.6,49.6,151.6,86.5,20.0,75.1,52.5
281.48,59.78,16.73,5629,1016,0,716,550.6,51.6,138.5,79.8,20.0,60.4,48.1
282.50,61.51,16.26,5649,1016,0,736,550.7,57.4,154.8,80.4,23.5,75.2,50.6
283.51,60.32,16.58,5670,1016,0,809,550.7,75.8,179.6,81.8,35.0,94.3,59.1
284.53,59.99,16.67,5690,1016,0,912,550.7,99.8,203.0,81.0,52.2,109.0,71.8
285.55,58.20,17.18,5711,1016,0,983,550.7,121.6,221.6,77.7,72.2,117.1,86.7
286.56,60.16,16.62,5731,1016,0,1007,550.7,136.2,232.7,74.5,92.4,117.5,101.7
287.56,60.92,16.41,5751,1016,0,1028,550.6,143.2,235.0,74.5,110.0,110.2,114.7
288.56,60.00,16.67,5771,1016,0,1032,550.6,145.8,228.5,77.0,122.7,96.5,124.1
289.58,60.06,16.65,5791,1016,0,1032,550.6,146.4,213.2,78.8,128.0,78.1,128.0
290.58,60.20,16.61,5811,1016,0,1032,550.6,141.9,216.3,71.7,125.3,86.4,123.3
291.60,59.72,16.75,5831,1016,0,1028,550.6,127.6,205.6,53.1,117.5,92.2,109.7
292.61,60.77,16.46,5852,1016,0,1016,550.6,105.3,182.7,31.9,106.3,92.7,90.0
293.63,59.98,16.67,5872,1016,0,975,550.6,80.5,152.4,15.3,93.3,88.0,67.4
294.65,60.26,16.60,5892,1016,0,881,550.6,60.7,119.9,5.5,80.4,78.6,44.7
295.65,60.09,16.64,5912,1016,0,783,550.6,49.9,90.2,0.2,69.3,66.0,25.3
296.66,59.87,16.70,5933,1016,0,718,550.6,46.4,65.4,-3.3,61.3,51.7,11.5
297.66,60.61,16.50,5953,1016,0,674,550.7,46.2,49.5,-2.9,58.5,39.4,8.0
298.68,59.99,16.67,5973,1016,0,669,550.7,43.3,63.0,-2.4,56.6,52.6,8.0
299.70,59.96,16.68,5993,1016,0,660,550.7,36.0,74.4,-0.6,51.9,63.0,8.0
300.70,59.98,16.67,6013,1016,0,645,550.7,26.3,81.8,3.2,45.4,69.0,8.5
301.72,87.07,11.48,6034,1016,0,621,550.7,16.1,84.4,9.4,37.9,69.9,9.6
302.71,60.25,16.60,6054,1016,0,619,551.0,7.6,81.5,16.5,30.6,65.3,10.7
303.71,59.91,16.69,6074,1016,0,596,551.0,1.7,73.8,23.0,24.3,56.2,11.6
304.73,60.18,16.62,6094,1016,0,588,551.0,-1.6,62.3,27.7,19.9,43.5,12.3
305.75,60.19,16.61,6114,1016,0,584,551.0,-2.3,52.0,29.4,18.6,32.8,12.6
306.76,60.12,16.63,6135,1016,0,654,551.0,16.4,73.1,43.9,30.9,53.1,20.7
307.78,60.47,16.54,6155,1016,0,809,551.0,65.3,99.3,67.4,59.3,77.1,39.5
308.78,60.04,16.66,6175,1016,0,965,551.0,125.9,125.5,74.2,97.3,100.2,64.6
309.78,60.04,16.66,6195,1016,0,1017,551.0,161.1,148.4,69.3,140.0,119.4,92.9
310.78,60.03,16.66,6215,1016,0,978,551.0,168.7,158.8,90.4,181.8,126.0,120.6
311.80,60.18,16.62,6235,1016,0,812,551.0,184.7,162.2,138.7,218.0,126.0,144.5
312.81,60.22,16.61,6256,1016,0,689,551.0,211.8,164.5,176.5,242.2,126.0,160.5
313.83,59.84,16.71,6276,1016,0,651,551.0,221.1,165.2,186.2,248.0,126.0,164.7
314.85,59.97,16.68,6296,1016,0,701,551.0,217.0,163.5,176.9,241.1,126.0,155.1
315.85,60.14,16.63,6316,1016,0,782,551.0,207.2,159.6,157.3,225.7,126.0,135.8
316.85,60.30,16.58,6336,1016,0,876,551.0,193.0,154.2,129.3,204.9,126.0,109.6
317.86,60.01,16.66,6357,1016,0,947,551.0,175.5,141.3,96.1,181.5,119.5,80.1
318.86,59.62,16.77,6377,1016,0,881,551.0,157.0,113.9,63.4,159.0,98.5,51.9
319.88,60.17,16.62,6397,1016,0,802,551.0,139.7,83.4,35.0,139.9,73.6,27.8
320.88,60.13,16.63,6417,1016,0,762,551.0,128.0,59.0,16.7,127.6,53.0,12.4
321.90,60.12,16.63,6437,1016,0,740,551.0,124.9,41.4,12.0,124.5,36.5,8.5
322.90,60.07,16.65,6457,1016,0,740,551.0,124.7,47.3,9.9,124.5,45.5,8.5
323.91,60.17,16.62,6478,1016,0,740,551.0,125.5,56.7,12.4,124.5,52.3,8.5
324.93,60.21,16.61,6498,1016,0,740,551.0,126.3,59.9,12.8,124.5,55.8,8.5
325.93,60.05,16.65,6518,1016,0,740,551.0,127.2,59.0,13.0,124.5,55.5,8.5
326.95,60.04,16.66,6538,1016,0,740,551.0,125.6,52.2,9.8,124.5,51.3,8.5
327.96,60.01,16.66,6559,1016,0,740,551.1,125.8,44.7,9.8,124.5,43.9,8.5
328.96,60.01,16.66,6579,1016,0,740,551.1,126.3,35.2,9.9,124.5,34.5,8.5
329.98,60.05,16.65,6599,1016,0,740,551.1,125.7,61.7,9.8,124.0,61.0,8.5
331.00,60.22,16.61,6619,1016,0,739,551.1,123.6,68.2,11.6,117.7,66.0,8.0
332.00,60.13,16.63,6639,1016,0,742,551.1,113.5,72.7,10.7,105.8,70.0,8.0
333.01,60.26,16.59,6660,1016,0,734,551.0,98.2,64.6,8.4,90.3,61.7,8.0
334.01,60.03,16.66,6680,1016,0,716,551.0,84.7,68.9,5.3,73.7,64.5,8.0
335.01,59.97,16.68,6700,1016,0,669,551.0,69.0,68.0,1.5,57.9,62.7,8.0
336.03,60.11,16.64,6720,1016,0,645,551.0,55.0,62.5,-1.8,44.8,56.4,8.0
337.03,59.96,16.68,6740,1016,0,617,551.0,46.2,53.5,-3.7,37.0,46.9,8.0
338.03,60.24,16.60,6760,1016,0,613,551.0,44.4,51.3,-4.1,35.5,44.6,8.0
339.05,59.95,16.68,6780,1016,0,613,551.0,42.8,62.1,-4.6,35.2,55.2,8.0
340.05,60.08,16.64,6800,1016,0,613,551.0,39.9,70.1,-5.2,34.7,62.9,8.0
341.06,59.93,16.69,6821,1016,0,613,551.0,36.4,74.0,-5.3,34.1,66.5,8.0
342.06,60.24,16.60,6841,1016,0,609,551.1,32.8,73.4,-4.7,33.5,65.5,8.0
343.06,59.96,16.68,6861,1016,0,609,551.1,29.7,68.2,-3.6,32.9,60.1,8.0
344.06,60.02,16.66,6881,1016,0,605,551.1,27.5,59.3,-2.3,32.4,51.1,8.0
345.08,60.02,16.66,6901,1016,0,601,551.1,26.4,47.9,-1.4,32.0,39.6,8.0
346.10,60.00,16.67,6921,1016,0,601,551.1,25.9,48.8,-1.3,31.9,40.4,8.0
347.12,86.37,11.58,6942,1016,0,633,551.1,23.4,66.3,3.4,30.9,56.5,13.3
348.13,60.13,16.63,6962,1016,0,693,551.1,18.8,82.7,20.7,29.2,70.4,31.1
349.13,59.91,16.69,6982,1016,0,758,551.1,12.8,95.2,43.1,27.1,79.5,53.1
350.13,60.18,16.62,7002,1016,0,816,551.1,6.4,102.4,68.4,24.9,82.9,76.6
351.15,59.90,16.69,7022,1016,0,837,551.1,0.8,103.5,93.6,22.8,80.0,99.0
352.16,84.18,11.88,7043,1016,0,842,551.1,-3.1,98.0,114.3,21.1,71.3,116.8
353.18,59.87,16.70,7063,1016,0,837,551.1,-5.1,86.6,126.3,20.1,58.0,126.8
354.18,59.97,16.68,7083,1016,0,837,551.1,-5.4,88.6,127.1,20.0,59.6,126.9
355.20,60.02,16.66,7103,1016,0,834,551.1,-5.3,104.9,122.8,20.0,74.7,120.1
356.20,59.93,16.69,7123,1016,0,833,551.1,-4.6,118.6,115.7,20.0,86.5,108.7
357.20,79.25,12.62,7143,1016,0,823,551.1,-2.6,127.9,106.6,20.0,93.3,94.6
358.21,60.26,16.59,7164,1016,0,811,551.1,0.9,131.4,96.1,20.0,94.2,79.4
359.21,60.08,16.64,7184,1016,0,788,551.1,4.9,128.7,85.6,20.0,89.0,65.6
360.23,60.07,16.65,7204,1016,0,734,551.1,8.5,120.1,76.6,20.0,78.4,54.5
361.23,59.98,16.67,7224,1016,0,716,551.1,10.6,107.1,71.4,20.0,64.3,48.6
362.23,75.19,13.30,7244,1016,0,729,551.2,13.2,113.2,72.5,21.7,69.9,49.3
363.23,60.03,16.66,7264,1016,0,779,551.2,26.7,135.1,81.2,31.2,89.3,56.3
364.25,60.23,16.60,7284,1016,0,885,551.2,50.1,155.7,94.2,47.0,105.5,68.0
365.25,60.01,16.66,7304,1016,0,968,551.2,78.6,171.2,106.6,66.1,115.5,82.2
366.26,60.09,16.64,7325,1016,0,1004,551.2,107.8,179.9,115.9,86.6,118.2,97.3
367.28,70.83,14.12,7345,1016,0,1028,551.1,132.1,180.2,121.7,105.4,113.0,111.3
368.28,60.12,16.63,7365,1016,0,1032,551.1,148.4,172.6,124.9,119.7,100.9,121.9
369.30,60.13,16.63,7385,1016,0,1032,551.1,156.3,157.6,126.5,127.4,83.5,127.6
370.30,59.99,16.67,7405,1016,0,1032,551.1,156.1,157.3,123.6,126.7,84.0,125.7
371.31,60.10,16.64,7426,1016,0,1032,551.1,151.8,158.8,108.4,120.1,91.0,114.2
372.33,68.92,14.51,7446,1016,0,1019,551.1,142.7,151.7,83.4,109.7,93.1,95.9
373.33,60.16,16.62,7466,1016,0,990,551.1,128.2,137.8,54.0,97.2,90.0,74.2
374.35,59.98,16.67,7486,1016,0,906,551.1,109.5,118.7,24.8,84.1,81.8,51.2
375.35,60.03,16.66,7506,1016,0,819,551.1,90.7,97.9,1.5,72.3,70.0,30.7
376.36,60.09,16.64,7527,1016,0,737,551.1,75.6,77.1,-14.7,63.1,55.7,14.5
377.38,67.02,14.92,7547,1016,0,679,551.1,68.4,60.6,-20.4,58.7,42.1,8.0
378.40,60.12,16.63,7567,1016,0,669,551.1,66.1,67.7,-21.0,57.5,49.1,8.0
379.40,60.02,16.66,7587,1016,0,669,551.1,58.4,80.4,-23.8,53.5,60.3,8.0
380.41,59.95,16.68,7608,1016,0,649,551.1,45.1,90.3,-26.9,47.4,67.8,8.2
381.41,60.12,16.63,7628,1016,0,621,551.1,28.1,95.6,-27.4,40.2,70.2,9.2
382.43,65.82,15.19,7648,1016,0,623,551.2,9.5,95.7,-24.8,32.6,67.1,10.4
383.45,60.12,16.63,7668,1016,0,600,551.2,-7.2,90.5,-19.5,25.8,59.0,11.4
384.46,59.99,16.67,7689,1016,0,588,551.2,-19.1,80.8,-13.8,20.8,47.0,12.2
385.46,60.19,16.61,7709,1016,0,584,551.2,-24.3,68.2,-10.7,18.6,33.4,12.5
386.48,60.30,16.58,7729,1016,0,622,551.2,-21.5,82.6,2.7,25.7,46.9,17.2
387.50,64.40,15.53,7749,1016,0,771,551.2,2.2,109.4,51.8,50.1,70.3,33.4
388.51,59.96,16.68,7770,1016,0,918,551.2,75.1,138.7,110.3,86.5,94.3,57.5
389.53,59.90,16.70,7790,1016,0,1013,551.2,175.5,166.1,118.8,129.2,115.1,85.7
390.55,60.03,16.66,7810,1016,0,1007,551.2,222.7,184.0,82.8,172.4,126.0,114.3
391.55,59.95,16.68,7830,1016,0,862,551.2,209.2,190.4,78.1,210.0,126.0,139.2
392.56,62.82,15.92,7851,1016,0,715,551.2,194.5,195.2,112.7,237.7,126.0,157.5
393.56,59.93,16.69,7871,1016,0,651,551.2,192.9,195.5,135.1,248.0,124.1,165.0
394.56,59.97,16.68,7891,1016,0,683,551.2,190.0,195.5,132.4,244.4,126.0,159.2
395.58,60.09,16.64,7911,1016,0,749,551.2,180.0,189.0,123.5,230.5,126.0,141.8
396.58,60.18,16.62,7931,1016,0,856,551.2,167.5,179.4,108.8,210.8,126.0,117.0
397.60,62.64,15.96,7951,1016,0,937,549.7,154.6,165.8,87.8,187.7,124.2,87.9
398.61,60.12,16.63,7972,1016,0,904,549.7,142.4,133.5,62.8,164.4,104.2,58.6
399.63,60.39,16.56,7992,1016,0,819,549.7,131.5,98.0,37.6,144.1,79.9,33.1
400.63,60.05,16.65,8012,1016,0,771,549.7,123.5,65.1,18.5,129.9,55.2,15.3
401.63,59.82,16.72,8032,1016,0,740,549.7,123.5,35.7,9.0,124.5,34.1,8.5
402.65,61.80,16.18,8052,1016,0,740,548.1,122.2,46.9,9.9,124.5,43.4,8.5
403.66,60.08,16.64,8073,1016,0,740,548.1,120.2,56.9,11.6,124.5,50.9,8.5
404.68,59.99,16.67,8093,1016,0,740,548.1,119.7,61.3,13.1,124.5,55.3,8.5
405.68,60.21,16.61,8113,1016,0,740,548.1,119.5,61.7,14.9,124.5,55.9,8.5
406.70,60.11,16.64,8133,1016,0,740,548.1,119.9,57.8,16.7,124.5,52.7,8.5
407.70,61.34,16.30,8153,1016,0,740,548.2,123.7,47.1,10.6,124.5,46.1,8.5
408.70,60.13,16.63,8173,1016,0,740,548.2,121.4,40.8,18.7,124.5,37.2,8.5
409.71,60.14,16.63,8194,1016,0,740,548.2,123.0,30.7,14.1,124.5,28.9,8.5
410.73,59.95,16.68,8214,1016,0,739,548.2,117.7,64.9,20.2,120.0,61.0,8.1
411.75,59.94,16.68,8234,1016,0,746,548.2,109.3,73.7,22.2,109.2,69.0,8.0
412.75,60.89,16.42,8254,1016,0,742,547.6,99.1,69.0,24.2,94.6,63.0,8.0
413.76,60.28,16.59,8275,1016,0,724,547.6,88.6,71.8,24.7,77.9,64.2,8.0
414.76,60.06,16.65,8295,1016,0,693,547.6,79.0,72.8,22.8,61.7,63.6,8.0
415.78,60.09,16.64,8315,1016,0,649,547.6,70.3,69.1,19.1,47.7,58.3,8.0
416.78,60.03,16.66,8335,1016,0,621,547.6,64.1,61.4,15.6,38.3,49.5,8.0
417.80,60.68,16.48,8355,1016,0,613,547.6,62.1,54.1,14.4,35.5,41.9,8.0
418.80,60.04,16.66,8375,1016,0,613,547.6,61.9,65.3,12.5,35.3,52.8,8.0
419.81,60.13,16.63,8396,1016,0,613,547.6,60.9,74.3,8.5,34.9,61.4,8.0
420.81,60.10,16.64,8416,1016,0,613,547.6,58.7,79.6,3.5,34.3,66.0,8.0
421.81,60.01,16.66,8436,1016,0,613,547.6,55.2,80.3,-1.2,33.6,66.2,8.0
422.81,60.91,16.42,8456,1016,0,609,547.7,51.0,76.5,-4.9,33.0,61.9,8.0
423.83,60.13,16.63,8476,1016,0,609,547.7,46.9,68.4,-7.1,32.5,53.4,8.0
424.83,59.98,16.67,8496,1016,0,601,547.7,44.1,57.4,-8.1,32.1,42.3,8.0
425.85,60.07,16.65,8516,1016,0,601,547.7,32.7,37.3,7.0,32.0,36.3,8.0
426.86,59.97,16.68,8537,1016,0,609,547.7,42.5,69.7,-8.6,31.2,52.7,10.0
427.86,60.53,16.52,8557,1016,0,665,547.6,40.1,88.1,2.5,29.7,67.1,25.9
428.88,59.89,16.70,8577,1016,0,752,547.6,35.2,104.6,17.7,27.7,77.7,47.3
429.88,60.11,16.63,8597,1016,0,804,547.6,27.6,116.4,35.3,25.5,82.6,70.7
430.90,59.90,16.69,8617,1016,0,832,547.6,18.4,122.2,54.0,23.3,81.3,93.8
431.90,60.31,16.58,8637,1016,0,842,547.6,9.8,121.2,70.8,21.5,74.1,112.7
432.91,60.38,16.56,8658,1016,0,837,547.6,3.8,113.2,82.6,20.3,61.8,125.1
433.93,60.23,16.60,8678,1016,0,835,547.6,2.1,108.3,85.1,20.0,55.6,127.7
434.93,60.01,16.66,8698,1016,0,835,547.6,-1.2,125.2,81.3,20.0,71.0,122.4
435.93,60.15,16.62,8718,1016,0,838,547.6,-7.5,141.1,74.6,20.0,83.7,112.0
436.95,60.05,16.65,8738,1016,0,837,547.6,-14.6,153.8,67.2,20.0,92.1,98.2
437.95,60.59,16.51,8758,1016,0,818,547.7,-20.5,161.0,60.8,20.0,94.6,83.4
438.95,60.10,16.64,8778,1016,0,788,547.7,-23.9,161.9,55.7,20.0,90.9,68.8
439.96,60.06,16.65,8799,1016,0,742,547.7,-25.0,156.6,51.9,20.0,81.6,57.0
440.98,60.06,16.65,8819,1016,0,729,547.7,-24.8,145.6,49.5,20.0,68.1,49.5
442.00,59.98,16.67,8839,1016,0,719,547.7,-24.2,143.5,50.0,20.6,65.2,48.5
443.01,60.22,16.61,8860,1016,0,765,547.7,-16.6,167.3,62.5,28.5,85.2,54.3
444.01,60.01,16.66,8880,1016,0,860,547.7,0.1,191.5,85.5,42.9,102.2,65.0
445.03,60.19,16.61,8900,1016,0,951,547.7,27.3,213.0,114.3,61.8,113.9,79.0
446.05,60.12,16.63,8920,1016,0,996,547.7,62.7,228.1,141.2,82.3,118.3,94.1
447.05,59.92,16.69,8940,1016,0,1019,547.7,99.2,235.0,160.1,101.4,114.8,108.3
448.06,60.19,16.61,8961,1016,0,1032,547.7,130.1,232.8,170.6,117.1,104.0,119.9
449.08,60.06,16.65,8981,1016,0,1032,547.7,148.1,221.7,174.7,126.5,87.6,126.9
450.10,60.27,16.59,9001,1016,0,1032,547.7,151.0,216.0,174.3,127.3,82.0,126.8
451.10,59.98,16.67,9021,1016,0,1032,547.7,151.6,213.1,165.0,121.9,89.9,117.3
452.10,60.02,16.66,9041,1016,0,1028,547.7,151.4,196.9,144.9,112.3,93.1,100.6
453.11,60.27,16.59,9062,1016,0,991,547.7,146.9,170.6,113.7,100.0,91.1,79.1
454.11,59.99,16.67,9082,1016,0,918,547.7,135.0,139.8,77.4,87.1,84.1,56.4
455.13,60.21,16.61,9102,1016,0,837,547.7,116.0,108.4,43.1,74.7,72.8,34.8
456.15,60.01,16.66,9122,1016,0,745,547.7,95.9,80.7,18.5,64.8,59.0,17.6
457.16,60.05,16.65,9143,1016,0,679,547.7,82.8,59.6,6.4,59.2,44.9,8.0
458.16,60.24,16.60,9163,1016,0,674,547.7,80.4,59.9,5.8,58.0,46.1,8.0
459.18,60.12,16.63,9183,1016,0,669,547.7,77.8,72.9,2.9,54.6,58.2,8.0
460.20,59.88,16.70,9203,1016,0,657,547.7,72.4,83.0,-2.5,48.8,66.6,8.0
461.21,60.26,16.59,9224,1016,0,621,547.7,63.9,88.7,-8.6,41.7,70.2,9.0
462.21,59.94,16.68,9244,1016,0,618,547.7,52.7,89.1,-14.8,34.2,68.2,10.1
463.21,60.23,16.60,9264,1016,0,612,547.8,40.3,84.4,-19.7,27.3,61.3,11.2
464.23,60.14,16.63,9284,1016,0,588,547.8,29.0,75.0,-22.7,21.8,50.0,12.0
465.23,60.03,16.66,9304,1016,0,584,547.8,22.4,62.4,-23.8,18.8,36.4,12.5
466.25,59.82,16.72,9324,1016,0,605,547.8,21.8,68.5,-21.8,22.3,42.0,15.0
467.25,60.10,16.64,9344,1016,0,728,547.8,22.2,92.9,-3.4,42.8,64.3,28.6
468.26,60.23,16.60,9365,1016,0,900,547.7,36.9,120.8,48.1,76.8,88.6,51.0
469.26,59.96,16.68,9385,1016,0,1001,547.7,96.4,147.0,114.5,117.7,110.2,78.1
470.28,60.02,16.66,9405,1016,0,1017,547.7,188.4,168.1,141.8,161.3,126.0,107.0
471.30,60.02,16.66,9425,1016,0,902,547.7,246.2,173.1,125.2,201.4,126.0,133.5
472.30,60.15,16.63,9445,1016,0,736,547.7,256.4,177.2,114.2,232.2,126.0,153.9
473.31,60.09,16.64,9466,1016,0,655,547.7,253.5,179.3,117.7,247.9,126.0,164.3
474.31,60.09,16.64,9486,1016,0,666,547.7,249.7,178.8,115.8,246.5,126.0,161.8
475.33,60.02,16.66,9506,1016,0,726,547.7,233.6,174.7,105.1,234.6,126.0,146.9
476.35,60.13,16.63,9526,1016,0,823,547.7,209.7,167.9,88.9,215.8,126.0,123.3
477.35,85.43,11.71,9546,1016,0,923,547.7,183.7,159.5,69.6,193.1,126.0,94.7
478.36,60.08,16.64,9567,1016,0,928,547.7,160.3,133.9,49.7,170.0,109.7,65.7
479.36,60.14,16.63,9587,1016,0,833,547.7,141.3,102.1,30.4,148.9,86.5,39.2
480.38,60.06,16.65,9607,1016,0,777,547.7,128.0,69.9,14.7,132.7,61.2,18.9
481.38,60.12,16.63,9627,1016,0,740,547.7,122.0,43.9,6.7,124.9,38.8,9.0
482.38,79.92,12.51,9647,1016,0,740,547.7,121.7,45.9,6.4,124.5,41.1,8.5
483.38,60.21,16.61,9667,1016,0,740,547.7,121.2,53.7,6.4,124.5,49.1,8.5
484.38,60.05,16.65,9687,1016,0,740,547.7,123.1,55.9,7.8,124.5,54.4,8.5
485.40,59.81,16.72,9707,1016,0,740,547.7,123.4,57.1,8.2,124.5,56.2,8.5
486.41,60.06,16.65,9728,1016,0,740,547.7,122.5,55.2,8.2,124.5,54.0,8.5
487.43,78.13,12.80,9748,1016,0,740,547.8,121.3,49.6,8.5,124.5,48.2,8.5
488.43,60.11,16.64,9768,1016,0,740,547.8,122.9,40.3,8.6,124.5,39.8,8.5
489.45,60.04,16.66,9788,1016,0,740,547.8,123.1,30.3,8.7,124.5,29.9,8.5
490.45,59.98,16.67,9808,1016,0,739,547.8,115.0,63.2,9.6,121.8,61.0,8.3
491.46,60.03,16.66,9829,1016,0,738,547.8,103.2,72.3,11.5,112.7,69.0,8.0
492.46,74.39,13.44,9849,1016,0,742,547.8,89.1,71.2,14.8,99.0,67.0,8.0
493.48,59.87,16.70,9869,1016,0,730,547.8,73.7,68.9,19.1,82.6,63.6,8.0
494.50,60.04,16.66,9889,1016,0,707,547.8,59.8,70.8,23.3,65.9,64.2,8.0
495.51,60.04,16.65,9910,1016,0,660,547.8,48.9,67.9,26.3,51.0,60.1,8.0
496.53,60.15,16.63,9930,1016,0,621,547.8,41.8,60.7,27.8,40.1,52.0,8.0
497.53,70.65,14.16,9950,1016,0,613,547.8,39.0,50.4,28.2,35.5,41.2,8.0
498.55,60.00,16.67,9970,1016,0,613,547.8,39.6,59.5,27.9,35.4,50.2,8.0
499.55,59.76,16.73,9990,1016,0,613,547.8,41.6,69.1,26.6,35.0,59.4,8.0
500.55,60.15,16.62,10010,1016,0,613,547.8,44.0,75.3,24.3,34.4,65.2,8.0
501.55,60.00,16.67,10030,1016,0,613,547.8,46.0,77.1,21.1,33.8,66.6,8.0
502.56,68.63,14.57,10051,1016,0,609,547.8,47.1,74.2,17.5,33.2,63.3,8.0
503.56,59.96,16.68,10071,1016,0,609,547.8,47.2,67.0,14.2,32.6,55.8,8.0
504.58,60.18,16.62,10091,1016,0,605,547.8,46.9,56.7,11.9,32.2,45.4,8.0
505.60,60.10,16.64,10111,1016,0,601,547.8,33.4,34.5,8.3,32.0,33.5,8.0
506.61,60.01,16.66,10132,1016,0,601,547.8,47.1,60.9,10.5,31.5,48.7,8.0
507.63,65.72,15.22,10152,1016,0,654,547.8,48.5,79.2,22.7,30.1,64.2,21.9
508.63,60.08,16.64,10172,1016,0,720,547.8,50.0,94.7,39.6,28.2,75.7,42.1
509.65,60.22,16.61,10192,1016,0,794,547.8,50.6,106.1,57.6,26.0,82.0,65.2
510.65,60.12,16.63,10212,1016,0,827,547.8,49.7,111.6,74.8,23.8,82.2,88.4
511.66,60.19,16.61,10233,1016,0,833,547.8,47.5,110.6,89.5,21.8,76.2,108.8
512.66,63.82,15.67,10253,1016,0,837,547.8,45.2,103.2,99.6,20.5,65.2,122.9
513.68,60.10,16.64,10273,1016,0,835,547.8,44.2,91.1,103.2,20.0,51.7,128.0
514.68,60.08,16.64,10293,1016,0,837,547.8,42.8,107.5,98.1,20.0,67.3,124.3
515.68,60.09,16.64,10313,1016,0,842,547.8,39.0,123.2,85.9,20.0,80.9,115.0
516.70,60.09,16.64,10333,1016,0,833,547.8,33.0,136.0,69.5,20.0,90.6,101.8
517.70,63.63,15.72,10353,1016,0,819,547.9,25.5,143.4,52.8,20.0,94.6,87.1
518.70,60.03,16.66,10373,1016,0,798,547.9,17.9,144.9,38.0,20.0,92.4,72.5
519.71,59.86,16.71,10394,1016,0,761,547.9,11.5,140.0,26.7,20.0,84.4,59.6
520.73,60.14,16.63,10414,1016,0,729,547.9,7.4,129.5,19.6,20.0,71.7,50.8
521.73,60.10,16.64,10434,1016,0,716,547.9,6.1,118.4,17.5,20.0,59.8,48.0
522.73,63.56,15.73,10454,1016,0,741,547.9,8.3,140.2,22.7,25.5,79.8,52.1
523.73,59.87,16.70,10474,1016,0,835,547.9,13.9,163.1,36.2,38.3,97.9,61.6
524.73,59.98,16.67,10494,1016,0,919,547.9,23.4,183.2,57.8,56.0,111.2,74.6
525.75,59.86,16.71,10514,1016,0,988,547.9,38.5,197.8,85.8,76.2,117.8,89.7
526.76,60.13,16.63,10535,1016,0,1019,547.9,58.8,204.6,114.7,96.2,116.6,104.5
527.78,63.13,15.84,10555,1016,0,1032,547.9,80.5,202.7,138.6,113.3,107.7,117.1
528.78,60.12,16.63,10575,1016,0,1032,547.9,96.9,192.7,153.4,124.6,92.9,125.4
529.80,60.01,16.66,10595,1016,0,1032,547.9,102.1,180.1,157.7,127.9,78.8,127.9
530.80,60.08,16.64,10615,1016,0,1032,547.9,99.0,184.4,154.3,124.0,88.0,121.1
531.81,59.92,16.69,10636,1016,0,1028,547.9,93.9,177.5,145.6,115.4,92.7,105.9
532.81,62.49,16.00,10656,1016,0,1007,547.9,90.0,161.6,130.8,103.8,92.2,85.7
533.83,60.06,16.65,10676,1016,0,958,547.9,87.4,139.2,108.9,90.7,86.5,62.8
534.85,59.97,16.67,10696,1016,0,853,547.9,84.2,114.0,82.0,78.0,76.3,40.5
535.85,60.08,16.64,10716,1016,0,767,547.9,79.2,89.9,56.4,67.4,63.2,22.0
536.86,60.02,16.66,10737,1016,0,689,547.9,74.1,69.0,37.9,60.3,49.0,9.7
537.88,61.16,16.35,10757,1016,0,674,547.9,72.4,60.6,34.4,58.4,42.3,8.0
538.90,59.96,16.68,10777,1016,0,669,547.9,72.8,74.3,34.0,55.8,55.1,8.0
539.91,60.01,16.66,10798,1016,0,660,547.9,73.7,85.9,32.3,50.6,64.7,8.0
540.93,60.02,16.66,10818,1016,0,641,547.9,74.8,93.6,28.6,43.7,69.7,8.7
541.93,60.08,16.64,10838,1016,0,617,547.9,74.8,96.3,22.1,36.3,69.3,9.8
542.93,61.30,16.31,10858,1016,0,619,548.0,72.8,93.7,13.4,29.1,63.7,10.9
543.95,59.95,16.68,10878,1016,0,588,548.0,69.1,86.2,4.7,23.1,53.5,11.8
544.95,59.92,16.69,10898,1016,0,584,548.0,65.8,75.0,-1.2,19.3,40.5,12.4
545.95,59.95,16.68,10918,1016,0,588,548.0,65.6,71.2,-3.2,19.5,36.3,13.2
546.96,60.04,16.66,10939,1016,0,672,548.0,71.2,94.8,-11.4,35.4,57.7,23.7
547.96,61.29,16.31,10959,1016,0,863,547.9,63.9,123.3,-8.3,66.3,81.9,44.1
548.98,60.05,16.65,10979,1016,0,985,547.9,56.1,152.2,47.4,106.4,104.8,70.6
550.00,59.96,16.68,10999,1016,0,1017,547.9,106.3,177.0,138.1,149.3,122.8,99.0
551.01,59.88,16.70,11020,1016,0,954,547.9,208.8,187.1,184.1,190.9,126.0,126.6
552.03,60.15,16.62,11040,1016,0,784,547.9,283.0,192.9,169.8,224.8,126.0,149.0
553.03,60.85,16.43,11060,1016,0,679,547.9,306.3,196.6,149.4,245.2,126.0,162.5
554.05,59.95,16.68,11080,1016,0,659,547.9,307.1,197.0,144.1,248.0,126.0,163.8
555.05,60.03,16.66,11100,1016,0,717,547.9,292.1,192.9,129.8,238.8,126.0,152.1
556.05,60.11,16.64,11120,1016,0,802,547.9,264.6,184.9,105.8,221.9,126.0,130.9
557.06,60.01,16.66,11141,1016,0,890,547.9,229.6,174.0,78.1,200.0,126.0,103.4
558.06,60.96,16.41,11161,1016,0,947,547.9,194.4,151.7,52.4,176.8,115.8,74.3
559.06,60.05,16.65,11181,1016,0,868,547.9,163.5,117.9,30.8,154.8,93.8,46.6
560.08,60.29,16.59,11201,1016,0,784,547.9,140.3,82.6,14.4,136.8,68.6,24.0
561.08,60.00,16.67,11221,1016,0,753,547.9,127.7,63.7,5.3,126.2,56.0,10.7
562.08,60.15,16.62,11241,1016,0,740,547.9,125.6,44.5,4.1,124.5,38.3,8.5
563.08,60.94,16.41,11261,1016,0,740,547.9,125.5,53.4,3.4,124.5,46.9,8.5
564.10,60.00,16.67,11281,1016,0,740,547.9,124.8,56.9,4.9,124.5,53.2,8.5
565.10,59.94,16.68,11301,1016,0,740,547.9,124.4,57.0,7.3,124.5,56.0,8.5
566.11,60.05,16.65,11322,1016,0,740,547.9,124.1,56.3,6.6,124.5,55.0,8.5
567.11,60.15,16.62,11342,1016,0,740,547.9,122.1,53.7,2.0,124.5,50.3,8.5
568.11,60.80,16.45,11362,1016,0,740,547.9,119.6,46.7,-1.2,124.5,42.6,8.5
569.13,59.95,16.68,11382,1016,0,740,547.9,123.8,33.5,7.3,124.5,33.0,8.5
570.15,60.09,16.64,11402,1016,0,739,547.9,121.7,62.0,5.6,123.5,61.0,8.4
571.16,60.08,16.65,11423,1016,0,739,547.9,113.6,69.2,5.1,116.0,68.0,8.0
572.18,60.13,16.63,11443,1016,0,742,547.9,91.0,75.2,-1.2,103.2,70.0,8.0
573.18,60.48,16.53,11463,1016,0,734,548.0,70.7,69.1,1.6,87.6,62.5,8.0
574.20,59.88,16.70,11483,1016,0,716,548.0,49.6,72.8,6.7,70.7,64.5,8.0
575.20,59.95,16.68,11503,1016,0,669,548.0,32.0,71.8,13.1,55.3,61.9,8.0
576.20,60.03,16.66,11523,1016,0,631,548.0,19.6,66.3,19.0,43.1,55.0,8.0
577.21,60.03,16.66,11544,1016,0,617,548.0,13.1,57.0,22.5,36.2,44.9,8.0
578.21,60.55,16.52,11564,1016,0,613,548.0,12.8,58.9,23.2,35.4,46.6,8.0
579.23,60.04,16.66,11584,1016,0,613,548.0,14.7,69.5,25.1,35.1,56.9,8.0
580.23,60.13,16.63,11604,1016,0,613,548.0,18.1,77.0,27.6,34.6,63.8,8.0
581.25,60.04,16.65,11624,1016,0,613,548.0,22.7,80.5,29.5,34.0,66.7,8.0
582.25,59.94,16.68,11644,1016,0,609,548.0,27.4,79.2,30.1,33.4,64.8,8.0
583.25,60.24,16.60,11664,1016,0,609,548.0,31.6,73.5,29.5,32.8,58.7,8.0
584.26,59.78,16.73,11685,1016,0,605,548.0,34.5,64.0,28.4,32.3,49.0,8.0
585.26,59.81,16.72,11705,1016,0,601,548.0,35.9,52.6,27.6,32.0,37.4,8.0
586.28,60.10,16.64,11725,1016,0,601,548.0,36.2,58.9,27.8,31.8,43.3,8.0
587.30,60.13,16.63,11745,1016,0,638,548.0,37.8,77.8,38.1,30.7,59.3,16.0
588.31,60.22,16.60,11766,1016,0,698,548.0,41.2,95.9,59.7,28.9,72.4,34.9
589.33,60.01,16.66,11786,1016,0,761,548.0,46.4,110.6,84.0,26.7,80.7,57.8
590.35,60.17,16.62,11806,1016,0,822,548.0,52.4,119.9,107.0,24.4,82.8,81.6
591.36,60.18,16.62,11827,1016,0,840,548.0,57.7,122.6,125.7,22.4,78.6,103.3
592.36,60.07,16.65,11847,1016,0,838,548.0,61.3,118.4,138.3,20.8,69.0,119.4
593.36,60.14,16.63,11867,1016,0,835,548.0,63.0,107.6,144.3,20.0,55.2,127.6
594.38,60.08,16.64,11887,1016,0,837,548.0,63.6,115.8,141.5,20.0,62.7,126.1
595.40,59.86,16.70,11907,1016,0,837,548.0,65.2,132.9,128.2,20.0,77.4,118.1
596.40,60.09,16.64,11927,1016,0,831,548.0,66.5,147.5,107.8,20.0,88.3,106.0
597.42,59.43,16.83,11948,1016,0,823,548.0,65.7,157.9,83.0,20.0,94.1,91.3
598.43,60.20,16.61,11968,1016,0,801,548.0,62.3,162.3,58.0,20.0,93.6,76.2
599.45,59.96,16.68,11988,1016,0,771,548.0,57.3,160.1,36.6,20.0,87.0,62.7
600.46,60.03,16.66,12009,1016,0,729,548.0,52.6,151.8,21.6,20.0,75.4,52.7
601.46,60.05,16.65,12029,1016,0,716,548.0,50.2,138.7,15.1,20.0,60.7,48.1
602.48,60.14,16.63,12049,1016,0,733,548.0,51.7,154.4,15.3,23.3,74.9,50.5
603.48,60.08,16.64,12069,1016,0,809,548.2,55.6,178.8,17.3,34.6,93.7,58.8
604.50,60.00,16.67,12089,1016,0,911,548.2,59.1,202.3,23.5,51.6,108.6,71.4
605.50,60.03,16.66,12109,1016,0,983,548.2,60.8,220.9,36.8,71.2,116.9,85.9
606.50,60.05,16.65,12129,1016,0,1007,548.2,63.1,232.2,58.1,91.5,117.6,100.9
607.50,59.90,16.69,12149,1016,0,1028,548.2,67.9,235.2,81.8,109.0,110.9,113.9
608.51,60.03,16.66,12170,1016,0,1032,548.2,74.3,229.0,102.4,122.2,97.3,123.7
609.53,60.18,16.62,12190,1016,0,1032,548.2,78.0,214.1,111.9,127.9,79.1,128.0
610.55,60.04,16.65,12210,1016,0,1032,548.2,73.3,216.4,109.3,125.5,86.1,123.6
611.56,60.13,16.63,12231,1016,0,1032,548.2,61.0,206.1,102.5,117.8,92.0,110.3
612.58,56.93,17.57,12251,1016,0,1016,548.1,48.7,183.9,94.2,106.9,92.8,91.0
613.58,59.99,16.67,12271,1016,0,975,548.1,42.0,154.0,83.3,94.0,88.4,68.5
614.60,60.01,16.66,12291,1016,0,883,548.1,42.0,121.5,67.2,81.0,79.2,45.8
615.61,60.02,16.66,12312,1016,0,783,548.1,45.0,91.1,46.5,69.6,66.5,25.9
616.61,60.07,16.65,12332,1016,0,723,548.1,47.2,66.4,27.8,61.6,52.4,11.9
617.63,83.82,11.93,12352,1016,0,674,548.2,48.1,49.2,20.8,58.5,39.1,8.0
618.63,60.12,16.63,12372,1016,0,669,548.2,47.0,62.4,21.7,56.8,52.0,8.0
619.63,60.15,16.63,12392,1016,0,664,548.2,44.2,73.8,24.1,52.3,62.4,8.0
620.65,59.88,16.70,12412,1016,0,645,548.2,41.2,81.6,27.6,45.8,68.8,8.4
621.65,60.09,16.64,12432,1016,0,621,548.2,38.9,84.3,31.2,38.4,70.0,9.5
622.66,78.68,12.71,12453,1016,0,619,548.1,37.5,81.8,33.3,31.0,65.7,10.6
623.68,60.03,16.66,12473,1016,0,600,548.1,36.8,74.2,33.7,24.5,56.5,11.6
624.70,60.11,16.64,12493,1016,0,588,548.1,36.3,62.7,33.1,20.0,43.9,12.3
625.71,59.94,16.68,12514,1016,0,651,548.1,264.6,151.7,184.0,248.0,123.0,165.0
626.73,60.19,16.61,12534,1016,0,651,548.1,270.7,162.3,191.0,248.0,123.0,165.0
627.73,72.89,13.72,12554,1016,0,651,548.2,270.7,162.3,191.0,248.0,123.0,165.0
628.73,179.92,5.56,12574,1016,0,651,548.2,270.7,162.3,191.0,248.0,123.0,165.0
